<?xml version="1.0" encoding="utf-8"?>
<!DOCTYPE score-partwise
  PUBLIC '-//Recordare//DTD MusicXML 2.0 Partwise//EN'
  'http://www.musicxml.org/dtds/partwise.dtd'>
<score-partwise>
  <movement-title>Music21 Fragment</movement-title>
  <identification>
    <creator type="composer">Music21</creator>
  </identification>
  <defaults>
    <scaling>
      <millimeters>7</millimeters>
      <tenths>40</tenths>
    </scaling>
  </defaults>
  <part-list>
    <score-part id="P2f11cc7af49c674b70bf821bfb68f159">
      <part-name></part-name>
    </score-part>
  </part-list>
  <part id="P2f11cc7af49c674b70bf821bfb68f159">
    <measure number="1">
      <attributes>
        <divisions>10080</divisions>
        <key>
          <fifths>-2</fifths>
        </key>
        <time>
          <beats>2</beats>
          <beat-type>4</beat-type>
        </time>
        <clef>
          <sign>G</sign>
          <line>2</line>
        </clef>
      </attributes>
      <direction>
        <direction-type>
          <dynamics default-x="-36" default-y="-80">
            <f/>
          </dynamics>
        </direction-type>
        <offset>0</offset>
        <sound dynamics="88"/>
      </direction>
      <direction>
        <direction-type>
          <metronome parentheses="no">
            <beat-unit>quarter</beat-unit>
            <per-minute>100.0</per-minute>
          </metronome>
        </direction-type>
        <offset>0</offset>
        <sound tempo="100.0"/>
      </direction>
      <note>
        <pitch>
          <step>B</step>
          <alter>-1</alter>
          <octave>4</octave>
        </pitch>
        <duration>7560</duration>
        <type>eighth</type>
        <dot/>
        <stem>down</stem>
        <beam>begin</beam>
        <notations/>
      </note>
      <note>
        <pitch>
          <step>C</step>
          <octave>5</octave>
        </pitch>
        <duration>1260</duration>
        <type>32nd</type>
        <stem>down</stem>
        <beam>begin</beam>
        <beam>begin</beam>
        <notations/>
      </note>
      <note>
        <pitch>
          <step>D</step>
          <octave>5</octave>
        </pitch>
        <duration>1260</duration>
        <type>32nd</type>
        <stem>down</stem>
        <beam>end</beam>
        <beam>end</beam>
        <beam>end</beam>
        <notations/>
      </note>
      <note>
        <pitch>
          <step>B</step>
          <alter>-1</alter>
          <octave>4</octave>
        </pitch>
        <duration>1680</duration>
        <type>16th</type>
        <time-modification>
          <actual-notes>3</actual-notes>
          <normal-notes>2</normal-notes>
          <normal-type>16th</normal-type>
        </time-modification>
        <stem>down</stem>
        <beam>begin</beam>
        <beam>begin</beam>
        <notations>
          <tuplet bracket="yes" placement="above" type="start"/>
        </notations>
      </note>
      <note>
        <pitch>
          <step>A</step>
          <octave>4</octave>
        </pitch>
        <duration>1680</duration>
        <type>16th</type>
        <time-modification>
          <actual-notes>3</actual-notes>
          <normal-notes>2</normal-notes>
          <normal-type>16th</normal-type>
        </time-modification>
        <stem>down</stem>
        <beam>continue</beam>
        <beam>continue</beam>
        <notations/>
      </note>
      <note>
        <pitch>
          <step>C</step>
          <octave>5</octave>
        </pitch>
        <duration>1680</duration>
        <type>16th</type>
        <time-modification>
          <actual-notes>3</actual-notes>
          <normal-notes>2</normal-notes>
          <normal-type>16th</normal-type>
        </time-modification>
        <stem>down</stem>
        <beam>continue</beam>
        <beam>continue</beam>
        <notations>
          <tuplet type="stop"/>
        </notations>
      </note>
      <note>
        <pitch>
          <step>B</step>
          <alter>-1</alter>
          <octave>4</octave>
        </pitch>
        <duration>1680</duration>
        <type>16th</type>
        <time-modification>
          <actual-notes>3</actual-notes>
          <normal-notes>2</normal-notes>
          <normal-type>16th</normal-type>
        </time-modification>
        <stem>down</stem>
        <beam>continue</beam>
        <beam>continue</beam>
        <notations>
          <tuplet bracket="yes" placement="above" type="start"/>
        </notations>
      </note>
      <note>
        <pitch>
          <step>A</step>
          <octave>4</octave>
        </pitch>
        <duration>1680</duration>
        <type>16th</type>
        <time-modification>
          <actual-notes>3</actual-notes>
          <normal-notes>2</normal-notes>
          <normal-type>16th</normal-type>
        </time-modification>
        <stem>down</stem>
        <beam>continue</beam>
        <beam>continue</beam>
        <notations/>
      </note>
      <note>
        <pitch>
          <step>E</step>
          <alter>-1</alter>
          <octave>5</octave>
        </pitch>
        <duration>1680</duration>
        <type>16th</type>
        <time-modification>
          <actual-notes>3</actual-notes>
          <normal-notes>2</normal-notes>
          <normal-type>16th</normal-type>
        </time-modification>
        <stem>down</stem>
        <beam>end</beam>
        <beam>end</beam>
        <notations>
          <tuplet type="stop"/>
        </notations>
      </note>
      <barline location="right">
        <bar-style>regular</bar-style>
      </barline>
    </measure>
    <measure number="2">
      <attributes>
        <divisions>10080</divisions>
      </attributes>
      <note>
        <pitch>
          <step>C</step>
          <octave>5</octave>
        </pitch>
        <duration>1680</duration>
        <type>16th</type>
        <time-modification>
          <actual-notes>3</actual-notes>
          <normal-notes>2</normal-notes>
          <normal-type>16th</normal-type>
        </time-modification>
        <stem>down</stem>
        <beam>begin</beam>
        <beam>begin</beam>
        <notations>
          <tuplet bracket="yes" placement="above" type="start"/>
        </notations>
      </note>
      <note>
        <pitch>
          <step>B</step>
          <alter>-1</alter>
          <octave>4</octave>
        </pitch>
        <duration>1680</duration>
        <type>16th</type>
        <time-modification>
          <actual-notes>3</actual-notes>
          <normal-notes>2</normal-notes>
          <normal-type>16th</normal-type>
        </time-modification>
        <stem>down</stem>
        <beam>continue</beam>
        <beam>continue</beam>
        <notations/>
      </note>
      <note>
        <pitch>
          <step>D</step>
          <octave>5</octave>
        </pitch>
        <duration>1680</duration>
        <type>16th</type>
        <time-modification>
          <actual-notes>3</actual-notes>
          <normal-notes>2</normal-notes>
          <normal-type>16th</normal-type>
        </time-modification>
        <stem>down</stem>
        <beam>end</beam>
        <notations>
          <tuplet type="stop"/>
        </notations>
      </note>
      <note>
        <pitch>
          <step>C</step>
          <octave>5</octave>
        </pitch>
        <duration>1680</duration>
        <type>16th</type>
        <time-modification>
          <actual-notes>3</actual-notes>
          <normal-notes>2</normal-notes>
          <normal-type>16th</normal-type>
        </time-modification>
        <stem>down</stem>
        <beam>begin</beam>
        <notations>
          <tuplet bracket="yes" placement="above" type="start"/>
        </notations>
      </note>
      <note>
        <pitch>
          <step>B</step>
          <alter>-1</alter>
          <octave>4</octave>
        </pitch>
        <duration>1680</duration>
        <type>16th</type>
        <time-modification>
          <actual-notes>3</actual-notes>
          <normal-notes>2</normal-notes>
          <normal-type>16th</normal-type>
        </time-modification>
        <stem>down</stem>
        <beam>continue</beam>
        <notations/>
      </note>
      <note>
        <pitch>
          <step>F</step>
          <octave>5</octave>
        </pitch>
        <duration>1680</duration>
        <type>16th</type>
        <time-modification>
          <actual-notes>3</actual-notes>
          <normal-notes>2</normal-notes>
          <normal-type>16th</normal-type>
        </time-modification>
        <stem>down</stem>
        <beam>end</beam>
        <beam>end</beam>
        <notations>
          <tuplet type="stop"/>
        </notations>
      </note>
      <note>
        <pitch>
          <step>D</step>
          <octave>5</octave>
        </pitch>
        <duration>5040</duration>
        <type>eighth</type>
        <stem>down</stem>
        <notations>
          <articulations>
            <staccato placement="above"/>
          </articulations>
        </notations>
      </note>
      <note>
        <rest/>
        <duration>5040</duration>
        <type>eighth</type>
        <notations/>
      </note>
      <barline location="right">
        <bar-style>regular</bar-style>
      </barline>
    </measure>
    <measure number="3">
      <attributes>
        <divisions>10080</divisions>
      </attributes>
      <direction>
        <direction-type>
          <dynamics default-x="-36" default-y="-80">
            <f/>
          </dynamics>
        </direction-type>
        <offset>0</offset>
        <sound dynamics="88"/>
      </direction>
      <note>
        <pitch>
          <step>B</step>
          <alter>-1</alter>
          <octave>4</octave>
        </pitch>
        <duration>5040</duration>
        <type>eighth</type>
        <stem>down</stem>
        <notehead>normal</notehead>
        <beam>begin</beam>
        <notations/>
      </note>
      <note>
        <chord/>
        <pitch>
          <step>E</step>
          <alter>-1</alter>
          <octave>5</octave>
        </pitch>
        <duration>5040</duration>
        <type>eighth</type>
        <stem>down</stem>
        <notehead>normal</notehead>
        <notations/>
      </note>
      <note>
        <chord/>
        <pitch>
          <step>G</step>
          <octave>5</octave>
        </pitch>
        <duration>5040</duration>
        <type>eighth</type>
        <stem>down</stem>
        <notehead>normal</notehead>
        <notations/>
      </note>
      <note>
        <pitch>
          <step>B</step>
          <alter>-1</alter>
          <octave>4</octave>
        </pitch>
        <duration>5040</duration>
        <type>eighth</type>
        <stem>down</stem>
        <notehead>normal</notehead>
        <beam>end</beam>
        <notations/>
      </note>
      <note>
        <chord/>
        <pitch>
          <step>D</step>
          <octave>5</octave>
        </pitch>
        <duration>5040</duration>
        <type>eighth</type>
        <stem>down</stem>
        <notehead>normal</notehead>
        <notations/>
      </note>
      <note>
        <chord/>
        <pitch>
          <step>F</step>
          <octave>5</octave>
        </pitch>
        <duration>5040</duration>
        <type>eighth</type>
        <stem>down</stem>
        <notehead>normal</notehead>
        <notations/>
      </note>
      <note>
        <pitch>
          <step>F</step>
          <octave>5</octave>
        </pitch>
        <duration>1260</duration>
        <type>32nd</type>
        <stem>down</stem>
        <beam>begin</beam>
        <beam>begin</beam>
        <beam>begin</beam>
        <notations/>
      </note>
      <note>
        <pitch>
          <step>B</step>
          <alter>-1</alter>
          <octave>5</octave>
        </pitch>
        <duration>1260</duration>
        <type>32nd</type>
        <stem>down</stem>
        <beam>continue</beam>
        <beam>continue</beam>
        <beam>continue</beam>
        <notations/>
      </note>
      <note>
        <pitch>
          <step>A</step>
          <octave>5</octave>
        </pitch>
        <duration>1260</duration>
        <type>32nd</type>
        <stem>down</stem>
        <beam>continue</beam>
        <beam>continue</beam>
        <beam>continue</beam>
        <notations/>
      </note>
      <note>
        <pitch>
          <step>B</step>
          <alter>-1</alter>
          <octave>5</octave>
        </pitch>
        <duration>1260</duration>
        <type>32nd</type>
        <stem>down</stem>
        <beam>end</beam>
        <beam>end</beam>
        <beam>end</beam>
        <notations/>
      </note>
      <note>
        <pitch>
          <step>D</step>
          <octave>6</octave>
        </pitch>
        <duration>1260</duration>
        <type>32nd</type>
        <stem>down</stem>
        <beam>begin</beam>
        <beam>begin</beam>
        <beam>begin</beam>
        <notations/>
      </note>
      <note>
        <pitch>
          <step>B</step>
          <alter>-1</alter>
          <octave>5</octave>
        </pitch>
        <duration>1260</duration>
        <type>32nd</type>
        <stem>down</stem>
        <beam>continue</beam>
        <beam>continue</beam>
        <beam>continue</beam>
        <notations/>
      </note>
      <note>
        <pitch>
          <step>A</step>
          <octave>5</octave>
        </pitch>
        <duration>1260</duration>
        <type>32nd</type>
        <stem>down</stem>
        <beam>continue</beam>
        <beam>continue</beam>
        <beam>continue</beam>
        <notations/>
      </note>
      <note>
        <pitch>
          <step>B</step>
          <alter>-1</alter>
          <octave>5</octave>
        </pitch>
        <duration>1260</duration>
        <type>32nd</type>
        <stem>down</stem>
        <beam>end</beam>
        <beam>end</beam>
        <beam>end</beam>
        <notations/>
      </note>
      <barline location="right">
        <bar-style>regular</bar-style>
      </barline>
    </measure>
    <measure number="4">
      <attributes>
        <divisions>10080</divisions>
      </attributes>
      <note>
        <grace slash="no"/>
        <pitch>
          <step>D</step>
          <octave>5</octave>
        </pitch>
        <type>eighth</type>
        <stem>up</stem>
        <notations/>
      </note>
      <note>
        <pitch>
          <step>C</step>
          <octave>5</octave>
        </pitch>
        <duration>5040</duration>
        <type>eighth</type>
        <stem>down</stem>
        <notehead>normal</notehead>
        <beam>begin</beam>
        <notations/>
      </note>
      <note>
        <chord/>
        <pitch>
          <step>E</step>
          <alter>-1</alter>
          <octave>5</octave>
        </pitch>
        <duration>5040</duration>
        <type>eighth</type>
        <stem>down</stem>
        <notehead>normal</notehead>
        <notations/>
      </note>
      <note>
        <pitch>
          <step>B</step>
          <alter>-1</alter>
          <octave>4</octave>
        </pitch>
        <duration>5040</duration>
        <type>eighth</type>
        <stem>down</stem>
        <notehead>normal</notehead>
        <beam>end</beam>
        <notations/>
      </note>
      <note>
        <chord/>
        <pitch>
          <step>D</step>
          <octave>5</octave>
        </pitch>
        <duration>5040</duration>
        <type>eighth</type>
        <stem>down</stem>
        <notehead>normal</notehead>
        <notations/>
      </note>
      <note>
        <rest/>
        <duration>10080</duration>
        <type>quarter</type>
        <notations/>
      </note>
      <barline location="right">
        <bar-style>regular</bar-style>
      </barline>
    </measure>
  </part>
</score-partwise>
