<?xml version="1.0" encoding="UTF-8"?>
<!DOCTYPE score-partwise PUBLIC "-//Recordare//DTD MusicXML 1.0 Partwise//EN"
                                "http://www.musicxml.org/dtds/partwise.dtd">
<score-partwise>
  <identification>
    <miscellaneous>
      <miscellaneous-field name="description">Microtone accidentals can be
          cautionary or editorial. Each measure has a normal accidental,
          an editorial, a cautionary and an editorial and cautionary
          accidental. No visual distinctions are necessary</miscellaneous-field>
    </miscellaneous>
  </identification>
  <part-list>
    <score-part id="P1">
      <part-name>MusicXML Part</part-name>
    </score-part>
  </part-list>
  <!--=========================================================-->
  <part id="P1">
    <measure number="1">
      <attributes>
        <divisions>1</divisions>
        <key>
          <fifths>0</fifths>
          <mode>major</mode>
        </key>
        <time symbol="common">
          <beats>4</beats>
          <beat-type>4</beat-type>
        </time>
        <clef>
          <sign>G</sign>
          <line>2</line>
        </clef>
      </attributes>
      <note>
        <pitch>
          <step>D</step>
          <alter>-0.5</alter>
          <octave>4</octave>
        </pitch>
        <duration>1</duration>
        <voice>1</voice>
        <type>quarter</type>
        <accidental>quarter-flat</accidental>
      </note>
      <note>
        <pitch>
          <step>D</step>
          <alter>-0.5</alter>
          <octave>4</octave>
        </pitch>
        <duration>1</duration>
        <voice>1</voice>
        <type>quarter</type>
        <accidental editorial="yes">quarter-flat</accidental>
      </note>
      <note>
        <pitch>
          <step>D</step>
          <alter>-0.5</alter>
          <octave>4</octave>
        </pitch>
        <duration>1</duration>
        <voice>1</voice>
        <type>quarter</type>
        <accidental cautionary="yes">quarter-flat</accidental>
      </note>
      <note>
        <pitch>
          <step>D</step>
          <alter>-0.5</alter>
          <octave>4</octave>
        </pitch>
        <duration>1</duration>
        <voice>1</voice>
        <type>quarter</type>
        <accidental editorial="yes" cautionary="yes">quarter-flat</accidental>
      </note>
    </measure>
    <!--=======================================================-->
    <measure number="2">
      <note>
        <pitch>
          <step>C</step>
          <alter>1</alter>
          <octave>4</octave>
        </pitch>
        <duration>1</duration>
        <voice>1</voice>
        <type>quarter</type>
        <accidental>sharp</accidental>
      </note>
      <note>
        <pitch>
          <step>C</step>
          <alter>1</alter>
          <octave>4</octave>
        </pitch>
        <duration>1</duration>
        <voice>1</voice>
        <type>quarter</type>
        <accidental editorial="yes">sharp</accidental>
      </note>
      <note>
        <pitch>
          <step>C</step>
          <alter>1</alter>
          <octave>4</octave>
        </pitch>
        <duration>1</duration>
        <voice>1</voice>
        <type>quarter</type>
        <accidental cautionary="yes">sharp</accidental>
      </note>
      <note>
        <pitch>
          <step>C</step>
          <alter>1</alter>
          <octave>4</octave>
        </pitch>
        <duration>1</duration>
        <voice>1</voice>
        <type>quarter</type>
        <accidental editorial="yes" cautionary="yes">sharp</accidental>
      </note>
    </measure>
    <!--=======================================================-->
    <measure number="3">
      <note>
        <pitch>
          <step>D</step>
          <alter>-1.5</alter>
          <octave>4</octave>
        </pitch>
        <duration>1</duration>
        <voice>1</voice>
        <type>quarter</type>
        <accidental>three-quarters-flat</accidental>
      </note>
      <note>
        <pitch>
          <step>D</step>
          <alter>-1.5</alter>
          <octave>4</octave>
        </pitch>
        <duration>1</duration>
        <voice>1</voice>
        <type>quarter</type>
        <accidental editorial="yes">three-quarters-flat</accidental>
      </note>
      <note>
        <pitch>
          <step>D</step>
          <alter>-1.5</alter>
          <octave>4</octave>
        </pitch>
        <duration>1</duration>
        <voice>1</voice>
        <type>quarter</type>
        <accidental cautionary="yes">three-quarters-flat</accidental>
      </note>
      <note>
        <pitch>
          <step>D</step>
          <alter>-1.5</alter>
          <octave>4</octave>
        </pitch>
        <duration>1</duration>
        <voice>1</voice>
        <type>quarter</type>
        <accidental editorial="yes" cautionary="yes">three-quarters-flat</accidental>
      </note>
    </measure>
    <!--=======================================================-->
    <measure number="4">
      <note>
        <pitch>
          <step>C</step>
          <alter>1.5</alter>
          <octave>4</octave>
        </pitch>
        <duration>1</duration>
        <voice>1</voice>
        <type>quarter</type>
        <accidental>three-quarters-sharp</accidental>
      </note>
      <note>
        <pitch>
          <step>C</step>
          <alter>1.5</alter>
          <octave>4</octave>
        </pitch>
        <duration>1</duration>
        <voice>1</voice>
        <type>quarter</type>
        <accidental editorial="yes">three-quarters-sharp</accidental>
      </note>
      <note>
        <pitch>
          <step>C</step>
          <alter>1.5</alter>
          <octave>4</octave>
        </pitch>
        <duration>1</duration>
        <voice>1</voice>
        <type>quarter</type>
        <accidental cautionary="yes">three-quarters-sharp</accidental>
      </note>
      <note>
        <pitch>
          <step>C</step>
          <alter>1.5</alter>
          <octave>4</octave>
        </pitch>
        <duration>1</duration>
        <voice>1</voice>
        <type>quarter</type>
        <accidental editorial="yes" cautionary="yes">three-quarters-sharp</accidental>
      </note>
    </measure>
  </part>
  <!--=========================================================-->
</score-partwise>
