<?xml version="1.0" encoding="UTF-8"?>
<!DOCTYPE score-partwise PUBLIC "-//Recordare//DTD MusicXML 1.0 Partwise//EN"
                                "http://www.musicxml.org/dtds/partwise.dtd">
<score-partwise>
  <identification>
    <miscellaneous>
      <miscellaneous-field name="description">Some tuplets (3:2, 3:2, 3:2, 4:2, 
          4:1, 7:3, 6:2) with the default tuplet bracket displaying the number 
          of actual notes played. The second tuplet does not have a number 
          attribute set.</miscellaneous-field>
    </miscellaneous>
  </identification>
  <part-list>
    <score-part id="P1">
      <part-name>MusicXML Part</part-name>
    </score-part>
  </part-list>
  <!--=========================================================-->
  <part id="P1">
    <measure number="1">
      <attributes>
        <divisions>84</divisions>
        <key>
          <fifths>0</fifths>
          <mode>major</mode>
        </key>
        <time>
          <beats>4</beats>
          <beat-type>4</beat-type>
        </time>
        <clef>
          <sign>G</sign>
          <line>2</line>
        </clef>
      </attributes>
      <note>
        <pitch>
          <step>C</step>
          <octave>4</octave>
        </pitch>
        <duration>56</duration>
        <voice>1</voice>
        <type>quarter</type>
        <time-modification>
          <actual-notes>3</actual-notes>
          <normal-notes>2</normal-notes>
        </time-modification>
        <notations>
          <tuplet number="1" type="start"/>
        </notations>
      </note>
      <note>
        <pitch>
          <step>D</step>
          <octave>4</octave>
        </pitch>
        <duration>56</duration>
        <voice>1</voice>
        <type>quarter</type>
        <time-modification>
          <actual-notes>3</actual-notes>
          <normal-notes>2</normal-notes>
        </time-modification>
      </note>
      <note>
        <pitch>
          <step>E</step>
          <octave>4</octave>
        </pitch>
        <duration>56</duration>
        <voice>1</voice>
        <type>quarter</type>
        <time-modification>
          <actual-notes>3</actual-notes>
          <normal-notes>2</normal-notes>
        </time-modification>
        <notations>
          <tuplet number="1" type="stop"/>
        </notations>
      </note>
      <note>
        <pitch>
          <step>F</step>
          <octave>4</octave>
        </pitch>
        <duration>56</duration>
        <voice>1</voice>
        <type>quarter</type>
        <time-modification>
          <actual-notes>3</actual-notes>
          <normal-notes>2</normal-notes>
        </time-modification>
        <notations>
          <tuplet type="start"/>
        </notations>
      </note>
      <note>
        <pitch>
          <step>G</step>
          <octave>4</octave>
        </pitch>
        <duration>56</duration>
        <voice>1</voice>
        <type>quarter</type>
        <time-modification>
          <actual-notes>3</actual-notes>
          <normal-notes>2</normal-notes>
        </time-modification>
      </note>
      <note>
        <pitch>
          <step>A</step>
          <octave>4</octave>
        </pitch>
        <duration>56</duration>
        <voice>1</voice>
        <type>quarter</type>
        <time-modification>
          <actual-notes>3</actual-notes>
          <normal-notes>2</normal-notes>
        </time-modification>
        <notations>
          <tuplet type="stop"/>
        </notations>
      </note>
   </measure>
   <measure number="2">
      <note>
        <pitch>
          <step>B</step>
          <octave>4</octave>
        </pitch>
        <duration>56</duration>
        <voice>1</voice>
        <type>quarter</type>
        <time-modification>
          <actual-notes>3</actual-notes>
          <normal-notes>2</normal-notes>
        </time-modification>
        <notations>
          <tuplet number="1" type="start"/>
        </notations>
      </note>
      <note>
        <pitch>
          <step>C</step>
          <octave>5</octave>
        </pitch>
        <duration>56</duration>
        <voice>1</voice>
        <type>quarter</type>
        <time-modification>
          <actual-notes>3</actual-notes>
          <normal-notes>2</normal-notes>
        </time-modification>
      </note>
      <note>
        <pitch>
          <step>D</step>
          <octave>5</octave>
        </pitch>
        <duration>56</duration>
        <voice>1</voice>
        <type>quarter</type>
        <time-modification>
          <actual-notes>3</actual-notes>
          <normal-notes>2</normal-notes>
        </time-modification>
        <notations>
          <tuplet number="1" type="stop"/>
        </notations>
      </note>
      <note>
        <pitch>
          <step>E</step>
          <octave>5</octave>
        </pitch>
        <duration>42</duration>
        <voice>1</voice>
        <type>quarter</type>
        <time-modification>
          <actual-notes>4</actual-notes>
          <normal-notes>2</normal-notes>
        </time-modification>
        <notations>
          <tuplet number="1" type="start"/>
        </notations>
      </note>
      <note>
        <pitch>
          <step>F</step>
          <octave>5</octave>
        </pitch>
        <duration>42</duration>
        <voice>1</voice>
        <type>quarter</type>
        <time-modification>
          <actual-notes>4</actual-notes>
          <normal-notes>2</normal-notes>
        </time-modification>
      </note>
      <note>
        <pitch>
          <step>G</step>
          <octave>5</octave>
        </pitch>
        <duration>42</duration>
        <voice>1</voice>
        <type>quarter</type>
        <time-modification>
          <actual-notes>4</actual-notes>
          <normal-notes>2</normal-notes>
        </time-modification>
      </note>
      <note>
        <pitch>
          <step>A</step>
          <octave>5</octave>
        </pitch>
        <duration>42</duration>
        <voice>1</voice>
        <type>quarter</type>
        <time-modification>
          <actual-notes>4</actual-notes>
          <normal-notes>2</normal-notes>
        </time-modification>
        <notations>
          <tuplet number="1" type="stop"/>
        </notations>
      </note>
    </measure>
    <measure number="3">
      <note>
        <pitch>
          <step>B</step>
          <octave>5</octave>
        </pitch>
        <duration>21</duration>
        <voice>1</voice>
        <type>quarter</type>
        <time-modification>
          <actual-notes>4</actual-notes>
          <normal-notes>1</normal-notes>
        </time-modification>
        <notations>
          <tuplet number="1" type="start"/>
        </notations>
      </note>
      <note>
        <pitch>
          <step>C</step>
          <octave>6</octave>
        </pitch>
        <duration>21</duration>
        <voice>1</voice>
        <type>quarter</type>
        <time-modification>
          <actual-notes>4</actual-notes>
          <normal-notes>1</normal-notes>
        </time-modification>
      </note>
      <note>
        <pitch>
          <step>C</step>
          <octave>6</octave>
        </pitch>
        <duration>21</duration>
        <voice>1</voice>
        <type>quarter</type>
        <time-modification>
          <actual-notes>4</actual-notes>
          <normal-notes>1</normal-notes>
        </time-modification>
      </note>
      <note>
        <pitch>
          <step>B</step>
          <octave>5</octave>
        </pitch>
        <duration>21</duration>
        <voice>1</voice>
        <type>quarter</type>
        <time-modification>
          <actual-notes>4</actual-notes>
          <normal-notes>1</normal-notes>
        </time-modification>
        <notations>
          <tuplet number="1" type="stop"/>
        </notations>
      </note>
      <note>
        <pitch>
          <step>A</step>
          <octave>5</octave>
        </pitch>
        <duration>36</duration>
        <voice>1</voice>
        <type>quarter</type>
        <time-modification>
          <actual-notes>7</actual-notes>
          <normal-notes>3</normal-notes>
        </time-modification>
        <notations>
          <tuplet number="1" type="start"/>
        </notations>
      </note>
      <note>
        <pitch>
          <step>G</step>
          <octave>5</octave>
        </pitch>
        <duration>36</duration>
        <voice>1</voice>
        <type>quarter</type>
        <time-modification>
          <actual-notes>7</actual-notes>
          <normal-notes>3</normal-notes>
        </time-modification>
      </note>
      <note>
        <pitch>
          <step>F</step>
          <octave>5</octave>
        </pitch>
        <duration>36</duration>
        <voice>1</voice>
        <type>quarter</type>
        <time-modification>
          <actual-notes>7</actual-notes>
          <normal-notes>3</normal-notes>
        </time-modification>
      </note>
      <note>
        <pitch>
          <step>E</step>
          <octave>5</octave>
        </pitch>
        <duration>36</duration>
        <voice>1</voice>
        <type>quarter</type>
        <time-modification>
          <actual-notes>7</actual-notes>
          <normal-notes>3</normal-notes>
        </time-modification>
      </note>
      <note>
        <pitch>
          <step>D</step>
          <octave>5</octave>
        </pitch>
        <duration>36</duration>
        <voice>1</voice>
        <type>quarter</type>
        <time-modification>
          <actual-notes>7</actual-notes>
          <normal-notes>3</normal-notes>
        </time-modification>
      </note>
      <note>
        <pitch>
          <step>C</step>
          <octave>5</octave>
        </pitch>
        <duration>36</duration>
        <voice>1</voice>
        <type>quarter</type>
        <time-modification>
          <actual-notes>7</actual-notes>
          <normal-notes>3</normal-notes>
        </time-modification>
      </note>
      <note>
        <pitch>
          <step>B</step>
          <octave>4</octave>
        </pitch>
        <duration>36</duration>
        <voice>1</voice>
        <type>quarter</type>
        <time-modification>
          <actual-notes>7</actual-notes>
          <normal-notes>3</normal-notes>
        </time-modification>
        <notations>
          <tuplet number="1" type="stop"/>
        </notations>
      </note>
    </measure>
    <measure number="4">
      <note>
        <pitch>
          <step>A</step>
          <octave>4</octave>
        </pitch>
        <duration>28</duration>
        <voice>1</voice>
        <type>quarter</type>
        <time-modification>
          <actual-notes>6</actual-notes>
          <normal-notes>2</normal-notes>
        </time-modification>
        <notations>
          <tuplet number="1" type="start"/>
        </notations>
      </note>
      <note>
        <pitch>
          <step>G</step>
          <octave>4</octave>
        </pitch>
        <duration>28</duration>
        <voice>1</voice>
        <type>quarter</type>
        <time-modification>
          <actual-notes>6</actual-notes>
          <normal-notes>2</normal-notes>
        </time-modification>
      </note>
      <note>
        <pitch>
          <step>F</step>
          <octave>4</octave>
        </pitch>
        <duration>28</duration>
        <voice>1</voice>
        <type>quarter</type>
        <time-modification>
          <actual-notes>6</actual-notes>
          <normal-notes>2</normal-notes>
        </time-modification>
      </note>
      <note>
        <pitch>
          <step>E</step>
          <octave>4</octave>
        </pitch>
        <duration>28</duration>
        <voice>1</voice>
        <type>quarter</type>
        <time-modification>
          <actual-notes>6</actual-notes>
          <normal-notes>2</normal-notes>
        </time-modification>
      </note>
      <note>
        <pitch>
          <step>D</step>
          <octave>4</octave>
        </pitch>
        <duration>28</duration>
        <voice>1</voice>
        <type>quarter</type>
        <time-modification>
          <actual-notes>6</actual-notes>
          <normal-notes>2</normal-notes>
        </time-modification>
      </note>
      <note>
        <pitch>
          <step>C</step>
          <octave>4</octave>
        </pitch>
        <duration>28</duration>
        <voice>1</voice>
        <type>quarter</type>
        <time-modification>
          <actual-notes>6</actual-notes>
          <normal-notes>2</normal-notes>
        </time-modification>
        <notations>
          <tuplet number="1" type="stop"/>
        </notations>
      </note>
      <note>
        <pitch>
          <step>C</step>
          <octave>4</octave>
        </pitch>
        <duration>168</duration>
        <voice>1</voice>
        <type>half</type>
      </note>
      <barline location="right">
        <bar-style>light-heavy</bar-style>
      </barline>
    </measure>
  </part>
  <!--=========================================================-->
</score-partwise>
