<?xml version="1.0" encoding="UTF-8"?>
<!DOCTYPE score-partwise PUBLIC "-//Recordare//DTD MusicXML 2.0 Partwise//EN" "http://www.musicxml.org/dtds/partwise.dtd">
<score-partwise>
  <movement-title>Music21 Fragment</movement-title>
  <identification>
    <creator type="composer">Music21</creator>
    <encoding>
      <software>MuseScore 1.1</software>
      <encoding-date>2011-11-06</encoding-date>
      </encoding>
    </identification>
  <defaults>
    <scaling>
      <millimeters>7.056</millimeters>
      <tenths>40</tenths>
      </scaling>
    <page-layout>
      <page-height>1683.67</page-height>
      <page-width>1190.48</page-width>
      <page-margins type="even">
        <left-margin>56.6893</left-margin>
        <right-margin>56.6893</right-margin>
        <top-margin>56.6893</top-margin>
        <bottom-margin>113.379</bottom-margin>
        </page-margins>
      <page-margins type="odd">
        <left-margin>56.6893</left-margin>
        <right-margin>56.6893</right-margin>
        <top-margin>56.6893</top-margin>
        <bottom-margin>113.379</bottom-margin>
        </page-margins>
      </page-layout>
    </defaults>
  <credit page="1">
    <credit-words default-x="595.238" default-y="1626.98" font-size="24" justify="center" valign="top">Music21 Fragment</credit-words>
    </credit>
  <credit page="1">
    <credit-words default-x="1133.79" default-y="1560.98" font-size="12" justify="right" valign="top">Music21</credit-words>
    </credit>
  <part-list>
    <score-part id="P1">
      <part-name></part-name>
      <score-instrument id="P1-I3">
        <instrument-name></instrument-name>
        </score-instrument>
      <midi-instrument id="P1-I3">
        <midi-channel>1</midi-channel>
        <midi-program>0</midi-program>
        </midi-instrument>
      </score-part>
    <score-part id="P2">
      <part-name></part-name>
      <score-instrument id="P2-I3">
        <instrument-name></instrument-name>
        </score-instrument>
      <midi-instrument id="P2-I3">
        <midi-channel>2</midi-channel>
        <midi-program>0</midi-program>
        </midi-instrument>
      </score-part>
    <score-part id="P3">
      <part-name></part-name>
      <score-instrument id="P3-I3">
        <instrument-name></instrument-name>
        </score-instrument>
      <midi-instrument id="P3-I3">
        <midi-channel>3</midi-channel>
        <midi-program>0</midi-program>
        </midi-instrument>
      </score-part>
    <score-part id="P4">
      <part-name></part-name>
      <score-instrument id="P4-I3">
        <instrument-name></instrument-name>
        </score-instrument>
      <midi-instrument id="P4-I3">
        <midi-channel>4</midi-channel>
        <midi-program>0</midi-program>
        </midi-instrument>
      </score-part>
    </part-list>
  <part id="P1">
    <measure number="1" width="251.63">
      <print>
        <system-layout>
          <system-margins>
            <left-margin>0.00</left-margin>
            <right-margin>0.00</right-margin>
            </system-margins>
          <top-system-distance>180.00</top-system-distance>
          </system-layout>
        </print>
      <attributes>
        <divisions>1</divisions>
        <key>
          <fifths>2</fifths>
          <mode>major</mode>
          </key>
        <time>
          <beats>3</beats>
          <beat-type>4</beat-type>
          </time>
        <clef>
          <sign>G</sign>
          <line>2</line>
          </clef>
        </attributes>
      <note default-x="98.53" default-y="0.00">
        <pitch>
          <step>F</step>
          <alter>1</alter>
          <octave>5</octave>
          </pitch>
        <duration>1</duration>
        <voice>1</voice>
        <type>quarter</type>
        <stem>down</stem>
        </note>
      <note default-x="149.03" default-y="-5.00">
        <pitch>
          <step>E</step>
          <octave>5</octave>
          </pitch>
        <duration>1</duration>
        <voice>1</voice>
        <type>quarter</type>
        <stem>down</stem>
        </note>
      <note default-x="199.53" default-y="0.00">
        <pitch>
          <step>F</step>
          <alter>1</alter>
          <octave>5</octave>
          </pitch>
        <duration>1</duration>
        <voice>1</voice>
        <type>quarter</type>
        <stem>down</stem>
        </note>
      </measure>
    <measure number="2" width="141.17">
      <note default-x="12.00" default-y="5.00">
        <pitch>
          <step>G</step>
          <octave>5</octave>
          </pitch>
        <duration>2</duration>
        <voice>1</voice>
        <type>half</type>
        <stem>down</stem>
        </note>
      <note default-x="90.51" default-y="5.00">
        <pitch>
          <step>G</step>
          <alter>1</alter>
          <octave>5</octave>
          </pitch>
        <duration>1</duration>
        <voice>1</voice>
        <type>quarter</type>
        <accidental>sharp</accidental>
        <stem>down</stem>
        </note>
      </measure>
    <measure number="3" width="141.17">
      <note default-x="12.00" default-y="0.00">
        <pitch>
          <step>F</step>
          <alter>1</alter>
          <octave>5</octave>
          </pitch>
        <duration>2</duration>
        <voice>1</voice>
        <type>half</type>
        <stem>down</stem>
        </note>
      <note default-x="90.51" default-y="10.00">
        <pitch>
          <step>A</step>
          <alter>1</alter>
          <octave>5</octave>
          </pitch>
        <duration>1</duration>
        <voice>1</voice>
        <type>quarter</type>
        <accidental>sharp</accidental>
        <stem>down</stem>
        </note>
      </measure>
    <measure number="4" width="135.47">
      <note default-x="12.00" default-y="15.00">
        <pitch>
          <step>B</step>
          <octave>5</octave>
          </pitch>
        <duration>2</duration>
        <voice>1</voice>
        <type>half</type>
        <stem>down</stem>
        </note>
      <note default-x="87.00" default-y="5.00">
        <pitch>
          <step>G</step>
          <octave>5</octave>
          </pitch>
        <duration>1</duration>
        <voice>1</voice>
        <type>quarter</type>
        <stem>down</stem>
        </note>
      </measure>
    <measure number="5" width="141.17">
      <note default-x="12.00" default-y="15.00">
        <pitch>
          <step>B</step>
          <octave>5</octave>
          </pitch>
        <duration>2</duration>
        <voice>1</voice>
        <type>half</type>
        <stem>down</stem>
        </note>
      <note default-x="90.51" default-y="10.00">
        <pitch>
          <step>A</step>
          <alter>1</alter>
          <octave>5</octave>
          </pitch>
        <duration>1</duration>
        <voice>1</voice>
        <type>quarter</type>
        <accidental>sharp</accidental>
        <stem>down</stem>
        </note>
      </measure>
    <measure number="6" width="141.17">
      <note default-x="12.00" default-y="15.00">
        <pitch>
          <step>B</step>
          <octave>5</octave>
          </pitch>
        <duration>2</duration>
        <voice>1</voice>
        <type>half</type>
        <stem>down</stem>
        </note>
      <note default-x="90.51" default-y="15.00">
        <pitch>
          <step>B</step>
          <octave>5</octave>
          </pitch>
        <duration>1</duration>
        <voice>1</voice>
        <type>quarter</type>
        <stem>down</stem>
        </note>
      </measure>
    <measure number="7" width="125.31">
      <note default-x="12.00" default-y="10.00">
        <pitch>
          <step>A</step>
          <octave>5</octave>
          </pitch>
        <duration>3</duration>
        <voice>1</voice>
        <type>half</type>
        <dot/>
        <stem>down</stem>
        </note>
      <barline location="right">
        <bar-style>light-heavy</bar-style>
        </barline>
      </measure>
    </part>
  <part id="P2">
    <measure number="1" width="251.63">
      <print>
        <staff-layout number="1">
          <staff-distance>65.00</staff-distance>
          </staff-layout>
        </print>
      <attributes>
        <divisions>1</divisions>
        <key>
          <fifths>2</fifths>
          <mode>major</mode>
          </key>
        <time>
          <beats>3</beats>
          <beat-type>4</beat-type>
          </time>
        <clef>
          <sign>G</sign>
          <line>2</line>
          </clef>
        </attributes>
      <note default-x="98.53" default-y="-115.00">
        <pitch>
          <step>D</step>
          <octave>5</octave>
          </pitch>
        <duration>1</duration>
        <voice>1</voice>
        <type>quarter</type>
        <stem>down</stem>
        </note>
      <note default-x="149.03" default-y="-120.00">
        <pitch>
          <step>C</step>
          <alter>1</alter>
          <octave>5</octave>
          </pitch>
        <duration>1</duration>
        <voice>1</voice>
        <type>quarter</type>
        <stem>down</stem>
        </note>
      <note default-x="199.53" default-y="-115.00">
        <pitch>
          <step>D</step>
          <octave>5</octave>
          </pitch>
        <duration>1</duration>
        <voice>1</voice>
        <type>quarter</type>
        <stem>down</stem>
        </note>
      </measure>
    <measure number="2" width="141.17">
      <note default-x="12.00" default-y="-110.00">
        <pitch>
          <step>E</step>
          <octave>5</octave>
          </pitch>
        <duration>2</duration>
        <voice>1</voice>
        <type>half</type>
        <stem>down</stem>
        </note>
      <note default-x="90.51" default-y="-115.00">
        <pitch>
          <step>D</step>
          <octave>5</octave>
          </pitch>
        <duration>1</duration>
        <voice>1</voice>
        <type>quarter</type>
        <stem>down</stem>
        </note>
      </measure>
    <measure number="3" width="141.17">
      <note default-x="12.00" default-y="-115.00">
        <pitch>
          <step>D</step>
          <octave>5</octave>
          </pitch>
        <duration>2</duration>
        <voice>1</voice>
        <type>half</type>
        <stem>down</stem>
        </note>
      <note default-x="90.51" default-y="-120.00">
        <pitch>
          <step>C</step>
          <alter>1</alter>
          <octave>5</octave>
          </pitch>
        <duration>1</duration>
        <voice>1</voice>
        <type>quarter</type>
        <stem>down</stem>
        </note>
      </measure>
    <measure number="4" width="135.47">
      <note default-x="12.00" default-y="-115.00">
        <pitch>
          <step>D</step>
          <octave>5</octave>
          </pitch>
        <duration>2</duration>
        <voice>1</voice>
        <type>half</type>
        <stem>down</stem>
        </note>
      <note default-x="87.00" default-y="-100.00">
        <pitch>
          <step>G</step>
          <octave>5</octave>
          </pitch>
        <duration>1</duration>
        <voice>1</voice>
        <type>quarter</type>
        <stem>down</stem>
        </note>
      </measure>
    <measure number="5" width="141.17">
      <note default-x="12.00" default-y="-115.00">
        <pitch>
          <step>D</step>
          <octave>5</octave>
          </pitch>
        <duration>2</duration>
        <voice>1</voice>
        <type>half</type>
        <stem>down</stem>
        </note>
      <note default-x="90.51" default-y="-105.00">
        <pitch>
          <step>F</step>
          <alter>1</alter>
          <octave>5</octave>
          </pitch>
        <duration>1</duration>
        <voice>1</voice>
        <type>quarter</type>
        <stem>down</stem>
        </note>
      </measure>
    <measure number="6" width="141.17">
      <note default-x="12.00" default-y="-105.00">
        <pitch>
          <step>F</step>
          <alter>1</alter>
          <octave>5</octave>
          </pitch>
        <duration>2</duration>
        <voice>1</voice>
        <type>half</type>
        <stem>down</stem>
        </note>
      <note default-x="90.51" default-y="-100.00">
        <pitch>
          <step>G</step>
          <alter>1</alter>
          <octave>5</octave>
          </pitch>
        <duration>1</duration>
        <voice>1</voice>
        <type>quarter</type>
        <accidental>sharp</accidental>
        <stem>down</stem>
        </note>
      </measure>
    <measure number="7" width="125.31">
      <note default-x="12.00" default-y="-95.00">
        <pitch>
          <step>A</step>
          <octave>5</octave>
          </pitch>
        <duration>3</duration>
        <voice>1</voice>
        <type>half</type>
        <dot/>
        <stem>down</stem>
        </note>
      <barline location="right">
        <bar-style>light-heavy</bar-style>
        </barline>
      </measure>
    </part>
  <part id="P3">
    <measure number="1" width="251.63">
      <print>
        <staff-layout number="1">
          <staff-distance>65.00</staff-distance>
          </staff-layout>
        </print>
      <attributes>
        <divisions>1</divisions>
        <key>
          <fifths>2</fifths>
          <mode>major</mode>
          </key>
        <time>
          <beats>3</beats>
          <beat-type>4</beat-type>
          </time>
        <clef>
          <sign>G</sign>
          <line>2</line>
          </clef>
        </attributes>
      <note default-x="98.53" default-y="-245.00">
        <pitch>
          <step>F</step>
          <alter>1</alter>
          <octave>4</octave>
          </pitch>
        <duration>1</duration>
        <voice>1</voice>
        <type>quarter</type>
        <stem>up</stem>
        </note>
      <note default-x="149.03" default-y="-235.00">
        <pitch>
          <step>A</step>
          <alter>1</alter>
          <octave>4</octave>
          </pitch>
        <duration>1</duration>
        <voice>1</voice>
        <type>quarter</type>
        <accidental>sharp</accidental>
        <stem>up</stem>
        </note>
      <note default-x="199.53" default-y="-230.00">
        <pitch>
          <step>B</step>
          <octave>4</octave>
          </pitch>
        <duration>1</duration>
        <voice>1</voice>
        <type>quarter</type>
        <stem>down</stem>
        </note>
      </measure>
    <measure number="2" width="141.17">
      <note default-x="12.00" default-y="-230.00">
        <pitch>
          <step>B</step>
          <octave>4</octave>
          </pitch>
        <duration>2</duration>
        <voice>1</voice>
        <type>half</type>
        <stem>down</stem>
        </note>
      <note default-x="90.51" default-y="-230.00">
        <pitch>
          <step>B</step>
          <octave>4</octave>
          </pitch>
        <duration>1</duration>
        <voice>1</voice>
        <type>quarter</type>
        <stem>down</stem>
        </note>
      </measure>
    <measure number="3" width="141.17">
      <note default-x="12.00" default-y="-230.00">
        <pitch>
          <step>B</step>
          <octave>4</octave>
          </pitch>
        <duration>2</duration>
        <voice>1</voice>
        <type>half</type>
        <stem>down</stem>
        </note>
      <note default-x="90.51" default-y="-235.00">
        <pitch>
          <step>A</step>
          <alter>1</alter>
          <octave>4</octave>
          </pitch>
        <duration>1</duration>
        <voice>1</voice>
        <type>quarter</type>
        <accidental>sharp</accidental>
        <stem>up</stem>
        </note>
      </measure>
    <measure number="4" width="135.47">
      <note default-x="12.00" default-y="-230.00">
        <pitch>
          <step>B</step>
          <octave>4</octave>
          </pitch>
        <duration>2</duration>
        <voice>1</voice>
        <type>half</type>
        <stem>down</stem>
        </note>
      <note default-x="87.00" default-y="-225.00">
        <pitch>
          <step>C</step>
          <alter>1</alter>
          <octave>5</octave>
          </pitch>
        <duration>1</duration>
        <voice>1</voice>
        <type>quarter</type>
        <stem>down</stem>
        </note>
      </measure>
    <measure number="5" width="141.17">
      <note default-x="12.00" default-y="-230.00">
        <pitch>
          <step>B</step>
          <octave>4</octave>
          </pitch>
        <duration>2</duration>
        <voice>1</voice>
        <type>half</type>
        <stem>down</stem>
        </note>
      <note default-x="90.51" default-y="-225.00">
        <pitch>
          <step>C</step>
          <alter>1</alter>
          <octave>5</octave>
          </pitch>
        <duration>1</duration>
        <voice>1</voice>
        <type>quarter</type>
        <stem>down</stem>
        </note>
      </measure>
    <measure number="6" width="141.17">
      <note default-x="12.00" default-y="-230.00">
        <pitch>
          <step>B</step>
          <octave>4</octave>
          </pitch>
        <duration>2</duration>
        <voice>1</voice>
        <type>half</type>
        <stem>down</stem>
        </note>
      <note default-x="90.51" default-y="-220.00">
        <pitch>
          <step>D</step>
          <octave>5</octave>
          </pitch>
        <duration>1</duration>
        <voice>1</voice>
        <type>quarter</type>
        <stem>down</stem>
        </note>
      </measure>
    <measure number="7" width="125.31">
      <note default-x="12.00" default-y="-225.00">
        <pitch>
          <step>C</step>
          <alter>1</alter>
          <octave>5</octave>
          </pitch>
        <duration>3</duration>
        <voice>1</voice>
        <type>half</type>
        <dot/>
        <stem>down</stem>
        </note>
      <barline location="right">
        <bar-style>light-heavy</bar-style>
        </barline>
      </measure>
    </part>
  <part id="P4">
    <measure number="1" width="251.63">
      <print>
        <staff-layout number="1">
          <staff-distance>65.00</staff-distance>
          </staff-layout>
        </print>
      <attributes>
        <divisions>1</divisions>
        <key>
          <fifths>2</fifths>
          <mode>major</mode>
          </key>
        <time>
          <beats>3</beats>
          <beat-type>4</beat-type>
          </time>
        <clef>
          <sign>F</sign>
          <line>4</line>
          </clef>
        </attributes>
      <note default-x="98.53" default-y="-345.00">
        <pitch>
          <step>B</step>
          <octave>2</octave>
          </pitch>
        <duration>1</duration>
        <voice>1</voice>
        <type>quarter</type>
        <stem>up</stem>
        <lyric number="1">
          <syllabic>single</syllabic>
          <text></text>
          </lyric>
        </note>
      <note default-x="149.03" default-y="-340.00">
        <pitch>
          <step>C</step>
          <alter>1</alter>
          <octave>3</octave>
          </pitch>
        <duration>1</duration>
        <voice>1</voice>
        <type>quarter</type>
        <stem>up</stem>
        <lyric number="1">
          <syllabic>single</syllabic>
          <text>#6</text>
          </lyric>
        </note>
      <note default-x="199.53" default-y="-335.00">
        <pitch>
          <step>D</step>
          <octave>3</octave>
          </pitch>
        <duration>1</duration>
        <voice>1</voice>
        <type>quarter</type>
        <stem>down</stem>
        <lyric number="1">
          <syllabic>single</syllabic>
          <text>6</text>
          </lyric>
        </note>
      </measure>
    <measure number="2" width="141.17">
      <note default-x="12.00" default-y="-330.00">
        <pitch>
          <step>E</step>
          <octave>3</octave>
          </pitch>
        <duration>2</duration>
        <voice>1</voice>
        <type>half</type>
        <stem>down</stem>
        <lyric number="1">
          <syllabic>single</syllabic>
          <text></text>
          </lyric>
        </note>
      <note default-x="90.51" default-y="-330.00">
        <pitch>
          <step>E</step>
          <alter>1</alter>
          <octave>3</octave>
          </pitch>
        <duration>1</duration>
        <voice>1</voice>
        <type>quarter</type>
        <accidental>sharp</accidental>
        <stem>down</stem>
        <lyric number="1">
          <syllabic>single</syllabic>
          <text> 7</text>
          </lyric>
        <lyric number="2">
          <syllabic>single</syllabic>
          <text> 5</text>
          </lyric>
        <lyric number="3">
          <syllabic>single</syllabic>
          <text>#3</text>
          </lyric>
        </note>
      </measure>
    <measure number="3" width="141.17">
      <note default-x="12.00" default-y="-325.00">
        <pitch>
          <step>F</step>
          <alter>1</alter>
          <octave>3</octave>
          </pitch>
        <duration>2</duration>
        <voice>1</voice>
        <type>half</type>
        <stem>down</stem>
        <lyric number="1">
          <syllabic>single</syllabic>
          <text>6</text>
          </lyric>
        <lyric number="2">
          <syllabic>single</syllabic>
          <text>4</text>
          </lyric>
        </note>
      <note default-x="90.51" default-y="-325.00">
        <pitch>
          <step>F</step>
          <alter>1</alter>
          <octave>3</octave>
          </pitch>
        <duration>1</duration>
        <voice>1</voice>
        <type>quarter</type>
        <stem>down</stem>
        <lyric number="1">
          <syllabic>single</syllabic>
          <text> 5</text>
          </lyric>
        <lyric number="2">
          <syllabic>single</syllabic>
          <text>#3</text>
          </lyric>
        </note>
      </measure>
    <measure number="4" width="135.47">
      <note default-x="12.00" default-y="-320.00">
        <pitch>
          <step>G</step>
          <octave>3</octave>
          </pitch>
        <duration>2</duration>
        <voice>1</voice>
        <type>half</type>
        <stem>down</stem>
        <lyric number="1">
          <syllabic>single</syllabic>
          <text></text>
          </lyric>
        </note>
      <note default-x="87.00" default-y="-330.00">
        <pitch>
          <step>E</step>
          <octave>3</octave>
          </pitch>
        <duration>1</duration>
        <voice>1</voice>
        <type>quarter</type>
        <stem>down</stem>
        <lyric number="1">
          <syllabic>single</syllabic>
          <text>6</text>
          </lyric>
        </note>
      </measure>
    <measure number="5" width="141.17">
      <note default-x="12.00" default-y="-325.00">
        <pitch>
          <step>F</step>
          <alter>1</alter>
          <octave>3</octave>
          </pitch>
        <duration>2</duration>
        <voice>1</voice>
        <type>half</type>
        <stem>down</stem>
        <lyric number="1">
          <syllabic>single</syllabic>
          <text>6</text>
          </lyric>
        <lyric number="2">
          <syllabic>single</syllabic>
          <text>4</text>
          </lyric>
        </note>
      <note default-x="90.51" default-y="-330.00">
        <pitch>
          <step>E</step>
          <octave>3</octave>
          </pitch>
        <duration>1</duration>
        <voice>1</voice>
        <type>quarter</type>
        <stem>down</stem>
        <lyric number="1">
          <syllabic>single</syllabic>
          <text>#4</text>
          </lyric>
        <lyric number="2">
          <syllabic>single</syllabic>
          <text> 2</text>
          </lyric>
        </note>
      </measure>
    <measure number="6" width="141.17">
      <note default-x="12.00" default-y="-335.00">
        <pitch>
          <step>D</step>
          <octave>3</octave>
          </pitch>
        <duration>2</duration>
        <voice>1</voice>
        <type>half</type>
        <stem>down</stem>
        <lyric number="1">
          <syllabic>single</syllabic>
          <text>6</text>
          </lyric>
        </note>
      <note default-x="90.51" default-y="-365.00">
        <pitch>
          <step>E</step>
          <octave>2</octave>
          </pitch>
        <duration>1</duration>
        <voice>1</voice>
        <type>quarter</type>
        <stem>up</stem>
        <lyric number="1">
          <syllabic>single</syllabic>
          <text> 7</text>
          </lyric>
        <lyric number="2">
          <syllabic>single</syllabic>
          <text> 5</text>
          </lyric>
        <lyric number="3">
          <syllabic>single</syllabic>
          <text>#3</text>
          </lyric>
        </note>
      </measure>
    <measure number="7" width="125.31">
      <note default-x="12.00" default-y="-350.00">
        <pitch>
          <step>A</step>
          <octave>2</octave>
          </pitch>
        <duration>3</duration>
        <voice>1</voice>
        <type>half</type>
        <dot/>
        <stem>up</stem>
        <lyric number="1">
          <syllabic>single</syllabic>
          <text></text>
          </lyric>
        </note>
      <barline location="right">
        <bar-style>light-heavy</bar-style>
        </barline>
      </measure>
    </part>
  </score-partwise>
