<?xml version="1.0" encoding="UTF-8"?>
<!DOCTYPE score-partwise PUBLIC "-//Recordare//DTD MusicXML 1.0 Partwise//EN"
                                "http://www.musicxml.org/dtds/partwise.dtd">
<score-partwise>
  <identification>
    <miscellaneous>
      <miscellaneous-field name="description">Clefs with abs(octave shifts) > 1
          Order: treble 15vb (C2), bass 15vb (C2),
          treble 15va (C6), bass 15va (C6), 
          treble 22va (C7), bass 22vb (C1).  Should all display as middle C
          if clef octavation is ignored 
      </miscellaneous-field>
    </miscellaneous>
  </identification>
  <part-list>
    <score-part id="P1">
      <part-name>MusicXML Part</part-name>
    </score-part>
  </part-list>
  <!--=========================================================-->
  <part id="P1">
    <measure number="1">
      <attributes>
        <divisions>1</divisions>
        <key>
          <fifths>0</fifths>
          <mode>major</mode>
        </key>
        <time symbol="common">
          <beats>4</beats>
          <beat-type>4</beat-type>
        </time>
        <clef>
          <sign>G</sign>
          <line>2</line>
          <clef-octave-change>-2</clef-octave-change>
        </clef>
      </attributes>
      <note>
        <pitch>
          <step>C</step>
          <octave>2</octave>
        </pitch>
        <duration>4</duration>
        <voice>1</voice>
        <type>whole</type>
      </note>
    </measure>
    <!--=======================================================-->
    <measure number="2">
      <attributes>
        <clef>
          <sign>F</sign>
          <line>4</line>
          <clef-octave-change>-2</clef-octave-change>
        </clef>
      </attributes>
      <note>
        <pitch>
          <step>C</step>
          <octave>2</octave>
        </pitch>
        <duration>4</duration>
        <voice>1</voice>
        <type>whole</type>
      </note>
    </measure>
    <!--=======================================================-->
    <measure number="3">
      <attributes>
        <clef>
          <sign>G</sign>
          <line>2</line>
          <clef-octave-change>2</clef-octave-change>
        </clef>
      </attributes>
      <note>
        <pitch>
          <step>C</step>
          <octave>6</octave>
        </pitch>
        <duration>4</duration>
        <voice>1</voice>
        <type>whole</type>
      </note>
    </measure>
    <!--=======================================================-->
    <measure number="4">
      <attributes>
        <clef>
          <sign>F</sign>
          <line>4</line>
          <clef-octave-change>2</clef-octave-change>
        </clef>
      </attributes>
      <note>
        <pitch>
          <step>C</step>
          <octave>6</octave>
        </pitch>
        <duration>4</duration>
        <voice>1</voice>
        <type>whole</type>
      </note>
    </measure>
    <!--=======================================================-->
    <measure number="5">
      <attributes>
        <clef>
          <sign>G</sign>
          <line>2</line>
          <clef-octave-change>3</clef-octave-change>
        </clef>
      </attributes>
      <note>
        <pitch>
          <step>C</step>
          <octave>7</octave>
        </pitch>
        <duration>4</duration>
        <voice>1</voice>
        <type>whole</type>
      </note>
    </measure>
    <!--=======================================================-->
    <measure number="5">
      <attributes>
        <clef>
          <sign>F</sign>
          <line>4</line>
          <clef-octave-change>-3</clef-octave-change>
        </clef>
      </attributes>
      <note>
        <pitch>
          <step>C</step>
          <octave>1</octave>
        </pitch>
        <duration>4</duration>
        <voice>1</voice>
        <type>whole</type>
      </note>
      <barline location="right">
        <bar-style>light-heavy</bar-style>
      </barline>
    </measure>
  </part>
  <!--=========================================================-->
</score-partwise>
