<?xml version="1.0" encoding="UTF-8"?>
<!DOCTYPE score-partwise PUBLIC "-//Recordare//DTD MusicXML 1.0 Partwise//EN"
                                "http://www.musicxml.org/dtds/partwise.dtd">
<score-partwise>
  <movement-title>Different Key signatures</movement-title>
  <identification>
    <miscellaneous>
      <miscellaneous-field name="description">Various standard key signatures: from 7
            flats to 7 sharps (each one first one measure in major, then one
            measure in minor)</miscellaneous-field>
    </miscellaneous>
  </identification>
  <part-list>
    <score-part id="P1">
      <part-name>MusicXML Part</part-name>
    </score-part>
  </part-list>
  <!--=========================================================-->
  <part id="P1">
    <measure number="1">
      <attributes>
        <divisions>1</divisions>
        <key>
          <fifths>-7</fifths>
          <mode>major</mode>
        </key>
        <time>
          <beats>2</beats>
          <beat-type>4</beat-type>
        </time>
        <clef>
          <sign>G</sign>
          <line>2</line>
        </clef>
      </attributes>
      <note>
        <pitch>
          <step>C</step>
          <octave>4</octave>
        </pitch>
        <duration>2</duration>
        <voice>1</voice>
        <type>half</type>
      </note>
    </measure>
    <measure number="2">
      <attributes>
        <key>
          <fifths>-7</fifths>
          <mode>minor</mode>
        </key>
      </attributes>
      <note>
        <pitch>
          <step>C</step>
          <octave>4</octave>
        </pitch>
        <duration>2</duration>
        <voice>1</voice>
        <type>half</type>
      </note>
    </measure>
    <measure number="3">
      <attributes>
        <key>
          <fifths>-6</fifths>
          <mode>major</mode>
        </key>
      </attributes>
      <note>
        <pitch>
          <step>C</step>
          <octave>4</octave>
        </pitch>
        <duration>2</duration>
        <voice>1</voice>
        <type>half</type>
      </note>
    </measure>
    <measure number="4">
      <attributes>
        <key>
          <fifths>-6</fifths>
          <mode>minor</mode>
        </key>
      </attributes>
      <note>
        <pitch>
          <step>C</step>
          <octave>4</octave>
        </pitch>
        <duration>2</duration>
        <voice>1</voice>
        <type>half</type>
      </note>
    </measure>
    <measure number="5">
      <attributes>
        <key>
          <fifths>-5</fifths>
          <mode>major</mode>
        </key>
      </attributes>
      <note>
        <pitch>
          <step>C</step>
          <octave>4</octave>
        </pitch>
        <duration>2</duration>
        <voice>1</voice>
        <type>half</type>
      </note>
    </measure>
    <measure number="6">
      <attributes>
        <key>
          <fifths>-5</fifths>
          <mode>minor</mode>
        </key>
      </attributes>
      <note>
        <pitch>
          <step>C</step>
          <octave>4</octave>
        </pitch>
        <duration>2</duration>
        <voice>1</voice>
        <type>half</type>
      </note>
    </measure>
    <measure number="7">
      <attributes>
        <key>
          <fifths>-4</fifths>
          <mode>major</mode>
        </key>
      </attributes>
      <note>
        <pitch>
          <step>C</step>
          <octave>4</octave>
        </pitch>
        <duration>2</duration>
        <voice>1</voice>
        <type>half</type>
      </note>
    </measure>
    <measure number="8">
      <attributes>
        <key>
          <fifths>-4</fifths>
          <mode>minor</mode>
        </key>
      </attributes>
      <note>
        <pitch>
          <step>C</step>
          <octave>4</octave>
        </pitch>
        <duration>2</duration>
        <voice>1</voice>
        <type>half</type>
      </note>
    </measure>
    <measure number="9">
      <attributes>
        <key>
          <fifths>-3</fifths>
          <mode>major</mode>
        </key>
      </attributes>
      <note>
        <pitch>
          <step>C</step>
          <octave>4</octave>
        </pitch>
        <duration>2</duration>
        <voice>1</voice>
        <type>half</type>
      </note>
    </measure>
    <measure number="10">
      <attributes>
        <key>
          <fifths>-3</fifths>
          <mode>minor</mode>
        </key>
      </attributes>
      <note>
        <pitch>
          <step>C</step>
          <octave>4</octave>
        </pitch>
        <duration>2</duration>
        <voice>1</voice>
        <type>half</type>
      </note>
    </measure>
    <measure number="11">
      <attributes>
        <key>
          <fifths>-2</fifths>
          <mode>major</mode>
        </key>
      </attributes>
      <note>
        <pitch>
          <step>C</step>
          <octave>4</octave>
        </pitch>
        <duration>2</duration>
        <voice>1</voice>
        <type>half</type>
      </note>
    </measure>
    <measure number="12">
      <attributes>
        <key>
          <fifths>-2</fifths>
          <mode>minor</mode>
        </key>
      </attributes>
      <note>
        <pitch>
          <step>C</step>
          <octave>4</octave>
        </pitch>
        <duration>2</duration>
        <voice>1</voice>
        <type>half</type>
      </note>
    </measure>
    <measure number="13">
      <attributes>
        <key>
          <fifths>-1</fifths>
          <mode>major</mode>
        </key>
      </attributes>
      <note>
        <pitch>
          <step>C</step>
          <octave>4</octave>
        </pitch>
        <duration>2</duration>
        <voice>1</voice>
        <type>half</type>
      </note>
    </measure>
    <measure number="14">
      <attributes>
        <key>
          <fifths>-1</fifths>
          <mode>minor</mode>
        </key>
      </attributes>
      <note>
        <pitch>
          <step>C</step>
          <octave>4</octave>
        </pitch>
        <duration>2</duration>
        <voice>1</voice>
        <type>half</type>
      </note>
    </measure>
    <measure number="15">
      <attributes>
        <key>
          <fifths>0</fifths>
          <mode>major</mode>
        </key>
      </attributes>
      <note>
        <pitch>
          <step>C</step>
          <octave>4</octave>
        </pitch>
        <duration>2</duration>
        <voice>1</voice>
        <type>half</type>
      </note>
    </measure>
    <measure number="16">
      <attributes>
        <key>
          <fifths>0</fifths>
          <mode>minor</mode>
        </key>
      </attributes>
      <note>
        <pitch>
          <step>C</step>
          <octave>4</octave>
        </pitch>
        <duration>2</duration>
        <voice>1</voice>
        <type>half</type>
      </note>
    </measure>
    <measure number="17">
      <attributes>
        <key>
          <fifths>1</fifths>
          <mode>major</mode>
        </key>
      </attributes>
      <note>
        <pitch>
          <step>C</step>
          <octave>4</octave>
        </pitch>
        <duration>2</duration>
        <voice>1</voice>
        <type>half</type>
      </note>
    </measure>
    <measure number="18">
      <attributes>
        <key>
          <fifths>1</fifths>
          <mode>minor</mode>
        </key>
      </attributes>
      <note>
        <pitch>
          <step>C</step>
          <octave>4</octave>
        </pitch>
        <duration>2</duration>
        <voice>1</voice>
        <type>half</type>
      </note>
    </measure>
    <measure number="19">
      <attributes>
        <key>
          <fifths>2</fifths>
          <mode>major</mode>
        </key>
      </attributes>
      <note>
        <pitch>
          <step>C</step>
          <octave>4</octave>
        </pitch>
        <duration>2</duration>
        <voice>1</voice>
        <type>half</type>
      </note>
    </measure>
    <measure number="20">
      <attributes>
        <key>
          <fifths>2</fifths>
          <mode>minor</mode>
        </key>
      </attributes>
      <note>
        <pitch>
          <step>C</step>
          <octave>4</octave>
        </pitch>
        <duration>2</duration>
        <voice>1</voice>
        <type>half</type>
      </note>
    </measure>
    <measure number="21">
      <attributes>
        <key>
          <fifths>3</fifths>
          <mode>major</mode>
        </key>
      </attributes>
      <note>
        <pitch>
          <step>C</step>
          <octave>4</octave>
        </pitch>
        <duration>2</duration>
        <voice>1</voice>
        <type>half</type>
      </note>
    </measure>
    <measure number="22">
      <attributes>
        <key>
          <fifths>3</fifths>
          <mode>minor</mode>
        </key>
      </attributes>
      <note>
        <pitch>
          <step>C</step>
          <octave>4</octave>
        </pitch>
        <duration>2</duration>
        <voice>1</voice>
        <type>half</type>
      </note>
    </measure>
    <measure number="23">
      <attributes>
        <key>
          <fifths>4</fifths>
          <mode>major</mode>
        </key>
      </attributes>
      <note>
        <pitch>
          <step>C</step>
          <octave>4</octave>
        </pitch>
        <duration>2</duration>
        <voice>1</voice>
        <type>half</type>
      </note>
    </measure>
    <measure number="24">
      <attributes>
        <key>
          <fifths>4</fifths>
          <mode>minor</mode>
        </key>
      </attributes>
      <note>
        <pitch>
          <step>C</step>
          <octave>4</octave>
        </pitch>
        <duration>2</duration>
        <voice>1</voice>
        <type>half</type>
      </note>
    </measure>
    <measure number="25">
      <attributes>
        <key>
          <fifths>5</fifths>
          <mode>major</mode>
        </key>
      </attributes>
      <note>
        <pitch>
          <step>C</step>
          <octave>4</octave>
        </pitch>
        <duration>2</duration>
        <voice>1</voice>
        <type>half</type>
      </note>
    </measure>
    <measure number="26">
      <attributes>
        <key>
          <fifths>5</fifths>
          <mode>minor</mode>
        </key>
      </attributes>
      <note>
        <pitch>
          <step>C</step>
          <octave>4</octave>
        </pitch>
        <duration>2</duration>
        <voice>1</voice>
        <type>half</type>
      </note>
    </measure>
    <measure number="27">
      <attributes>
        <key>
          <fifths>6</fifths>
          <mode>major</mode>
        </key>
      </attributes>
      <note>
        <pitch>
          <step>C</step>
          <octave>4</octave>
        </pitch>
        <duration>2</duration>
        <voice>1</voice>
        <type>half</type>
      </note>
    </measure>
    <measure number="28">
      <attributes>
        <key>
          <fifths>6</fifths>
          <mode>minor</mode>
        </key>
      </attributes>
      <note>
        <pitch>
          <step>C</step>
          <octave>4</octave>
        </pitch>
        <duration>2</duration>
        <voice>1</voice>
        <type>half</type>
      </note>
    </measure>
    <measure number="29">
      <attributes>
        <key>
          <fifths>7</fifths>
          <mode>major</mode>
        </key>
      </attributes>
      <note>
        <pitch>
          <step>C</step>
          <octave>4</octave>
        </pitch>
        <duration>2</duration>
        <voice>1</voice>
        <type>half</type>
      </note>
    </measure>
    <measure number="30">
      <attributes>
        <key>
          <fifths>7</fifths>
          <mode>minor</mode>
        </key>
      </attributes>
      <note>
        <pitch>
          <step>C</step>
          <octave>4</octave>
        </pitch>
        <duration>2</duration>
        <voice>1</voice>
        <type>half</type>
      </note>
      <barline location="right">
        <bar-style>light-heavy</bar-style>
      </barline>
    </measure>
  </part>
</score-partwise>
