<?xml version="1.0" encoding="UTF-8"?>
<!DOCTYPE score-partwise PUBLIC "-//Recordare//DTD MusicXML 1.0 Partwise//EN"
                                "http://www.musicxml.org/dtds/partwise.dtd">
<score-partwise>
  <movement-title>Extreme Key signatures</movement-title>
  <identification>
    <miscellaneous>
      <miscellaneous-field name="description">Various extreme key signatures: from 11 flats to 7
            flats and 7 sharps to 11 sharps (all marked as major)</miscellaneous-field>
    </miscellaneous>
  </identification>
  <part-list>
    <score-part id="P1">
      <part-name>MusicXML Part</part-name>
    </score-part>
  </part-list>
  <!--=========================================================-->
  <part id="P1">
    <measure number="1">
      <attributes>
        <divisions>1</divisions>
        <key>
          <fifths>-11</fifths>
          <mode>major</mode>
        </key>
        <time>
          <beats>2</beats>
          <beat-type>4</beat-type>
        </time>
        <clef>
          <sign>G</sign>
          <line>2</line>
        </clef>
      </attributes>
      <note>
        <pitch>
          <step>C</step>
          <octave>4</octave>
        </pitch>
        <duration>2</duration>
        <voice>1</voice>
        <type>half</type>
      </note>
    </measure>
    <measure number="2">
      <attributes>
        <key>
          <fifths>-10</fifths>
          <mode>major</mode>
        </key>
      </attributes>
      <note>
        <pitch>
          <step>C</step>
          <octave>4</octave>
        </pitch>
        <duration>2</duration>
        <voice>1</voice>
        <type>half</type>
      </note>
    </measure>
    <measure number="3">
      <attributes>
        <key>
          <fifths>-9</fifths>
          <mode>major</mode>
        </key>
      </attributes>
      <note>
        <pitch>
          <step>C</step>
          <octave>4</octave>
        </pitch>
        <duration>2</duration>
        <voice>1</voice>
        <type>half</type>
      </note>
    </measure>
    <measure number="4">
      <attributes>
        <key>
          <fifths>-8</fifths>
          <mode>major</mode>
        </key>
      </attributes>
      <note>
        <pitch>
          <step>C</step>
          <octave>4</octave>
        </pitch>
        <duration>2</duration>
        <voice>1</voice>
        <type>half</type>
      </note>
    </measure>
    <measure number="5">
      <attributes>
        <key>
          <fifths>-7</fifths>
          <mode>major</mode>
        </key>
      </attributes>
      <note>
        <pitch>
          <step>C</step>
          <octave>4</octave>
        </pitch>
        <duration>2</duration>
        <voice>1</voice>
        <type>half</type>
      </note>
    </measure>
    <measure number="6">
      <attributes>
        <key>
          <fifths>7</fifths>
          <mode>major</mode>
        </key>
      </attributes>
      <note>
        <pitch>
          <step>C</step>
          <octave>4</octave>
        </pitch>
        <duration>2</duration>
        <voice>1</voice>
        <type>half</type>
      </note>
    </measure>
    <measure number="7">
      <attributes>
        <key>
          <fifths>8</fifths>
          <mode>major</mode>
        </key>
      </attributes>
      <note>
        <pitch>
          <step>C</step>
          <octave>4</octave>
        </pitch>
        <duration>2</duration>
        <voice>1</voice>
        <type>half</type>
      </note>
    </measure>
    <measure number="8">
      <attributes>
        <key>
          <fifths>9</fifths>
          <mode>major</mode>
        </key>
      </attributes>
      <note>
        <pitch>
          <step>C</step>
          <octave>4</octave>
        </pitch>
        <duration>2</duration>
        <voice>1</voice>
        <type>half</type>
      </note>
    </measure>
    <measure number="9">
      <attributes>
        <key>
          <fifths>10</fifths>
          <mode>major</mode>
        </key>
      </attributes>
      <note>
        <pitch>
          <step>C</step>
          <octave>4</octave>
        </pitch>
        <duration>2</duration>
        <voice>1</voice>
        <type>half</type>
      </note>
    </measure>
    <measure number="10">
      <attributes>
        <key>
          <fifths>11</fifths>
          <mode>major</mode>
        </key>
      </attributes>
      <note>
        <pitch>
          <step>C</step>
          <octave>4</octave>
        </pitch>
        <duration>2</duration>
        <voice>1</voice>
        <type>half</type>
      </note>
      <barline location="right">
        <bar-style>light-heavy</bar-style>
      </barline>
    </measure>
  </part>
</score-partwise>
