<?xml version="1.0" encoding="UTF-8"?>
<!DOCTYPE score-partwise PUBLIC "-//Recordare//DTD MusicXML 1.0 Partwise//EN"
                                "http://www.musicxml.org/dtds/partwise.dtd">
<score-partwise>
  <identification>
    <miscellaneous>
      <miscellaneous-field name="description">Mid-Measure Key-Change: 2 sharps, 2 flats, 0 sharps/flats, 7 sharps, no mode.</miscellaneous-field>
    </miscellaneous>
  </identification>
  <part-list>
    <score-part id="P1">
      <part-name>MusicXML Part</part-name>
    </score-part>
  </part-list>
  <!--=========================================================-->
  <part id="P1">
    <measure number="1">
      <attributes>
        <divisions>1</divisions>
        <key>
          <fifths>2</fifths>
        </key>
        <time symbol="common">
          <beats>4</beats>
          <beat-type>4</beat-type>
        </time>
        <clef>
          <sign>G</sign>
          <line>2</line>
        </clef>
      </attributes>
      <note>
        <pitch>
          <step>G</step>
          <octave>4</octave>
        </pitch>
        <duration>1</duration>
        <voice>1</voice>
        <type>quarter</type>
        <lyric number="1"><text>2s</text></lyric>
      </note>
      <attributes>
        <key>
          <fifths>-2</fifths>
        </key>
      </attributes>
      <note>
        <pitch>
          <step>G</step>
          <octave>4</octave>
        </pitch>
        <duration>1</duration>
        <voice>1</voice>
        <type>quarter</type>
        <lyric number="1"><text>2f</text></lyric>
      </note>
      <attributes>
        <key>
          <fifths>0</fifths>
        </key>
      </attributes>
      <note>
        <pitch>
          <step>G</step>
          <octave>4</octave>
        </pitch>
        <duration>1</duration>
        <voice>1</voice>
        <type>quarter</type>
        <lyric number="1"><text>0</text></lyric>
      </note>
      <attributes>
        <key>
          <fifths>7</fifths>
        </key>
      </attributes>
      <note>
        <pitch>
          <step>G</step>
          <octave>4</octave>
        </pitch>
        <duration>1</duration>
        <voice>1</voice>
        <type>quarter</type>
        <lyric number="1"><text>7s</text></lyric>
      </note>
    </measure>
  </part>
</score-partwise>
